,0,1,2,3,4,5,6,7,8,9,10,11,12,13,14
0,0.0,4.999633137914655,6.1660694050327365,9.351750306085922,5.984196833154491,5.332757307639715,5.181966504784423,6.090298923523621,5.819943340033364,6.279109928803947,6.645595044554793,9.5514534741138,4.489219266087804,8.38921590242479,12.236725738600862
1,4.999633137914655,0.0,1.1828326821402102,4.591794789981941,1.987287857224065,3.1299822373653776,3.907958344080947,3.00455438479142,4.268564447542637,5.058689170867882,5.626540405723106,6.699596290865399,5.541663835233467,7.035923267619191,7.807035652462044
2,6.1660694050327365,1.1828326821402102,0.0,3.4633800062438387,1.7144202115596499,3.36716549872673,4.265099335811065,2.900055067696875,4.469619726147394,5.237734940020016,5.793991938971481,6.208982440044912,6.206756928625813,6.985726258807832,6.749363036041777
3,9.351750306085922,4.591794789981941,3.4633800062438387,0.0,3.4534872933160567,4.892571390854113,5.731025511435586,3.9587530528416526,5.518618512939216,6.021965667459585,6.421437537080294,4.797357145549181,8.01832644571537,6.7847031408388325,3.3647841352923455
4,5.984196833154491,1.987287857224065,1.7144202115596499,3.4534872933160567,0.0,1.7853651394308612,2.7154166785589404,1.1863274459285005,2.813962638547513,3.5593183160831807,4.106084413346361,4.713447015488214,4.866956025397003,5.274614654706562,6.273335719003445
5,5.332757307639715,3.1299822373653776,3.36716549872673,4.892571390854113,1.7853651394308612,0.0,0.9302917930398528,0.9454118797823602,1.1401339677404025,1.9300332021668087,2.497885814929611,4.29776515178229,3.1516625572403436,3.9653509988944076,7.160449614731642
6,5.181966504784423,3.907958344080947,4.265099335811065,5.731025511435586,2.7154166785589404,0.9302917930398528,0.0,1.7838436809505216,0.6405494653457834,1.2836038886573526,1.81805689643091,4.389693102152243,2.288683598094631,3.479837878336362,7.765709771532161
7,6.090298923523621,3.00455438479142,2.900055067696875,3.9587530528416526,1.1863274459285005,0.9454118797823602,1.7838436809505216,0.0,1.710102191803907,2.410046077068122,2.942351150464707,3.826452212956804,4.063293870860823,4.0985550521272085,6.2579793563976684
8,5.819943340033364,4.268564447542637,4.469619726147394,5.518618512939216,2.813962638547513,1.1401339677404025,0.6405494653457834,1.710102191803907,0.0,0.7901646762855241,1.3580629107982045,3.7680759925805085,2.6223952524748397,2.906182171156776,7.321862006473343
9,6.279109928803947,5.058689170867882,5.237734940020016,6.021965667459585,3.5593183160831807,1.9300332021668087,1.2836038886573526,2.410046077068122,0.7901646762855241,0.0,0.5679021845921398,3.5461895464654045,2.533481265922892,2.205133880364303,7.508179107997381
10,6.645595044554793,5.626540405723106,5.793991938971481,6.421437537080294,4.106084413346361,2.497885814929611,1.81805689643091,2.942351150464707,1.3580629107982045,0.5679021845921398,0.0,3.4928027026898274,2.6165315246560286,1.7507162536063499,7.692191304870752
11,9.5514534741138,6.699596290865399,6.208982440044912,4.797357145549181,4.713447015488214,4.29776515178229,4.389693102152243,3.826452212956804,3.7680759925805085,3.5461895464654045,3.4928027026898274,0.0,6.065669672578038,2.634830164143097,4.630243240375851
12,4.489219266087804,5.541663835233467,6.206756928625813,8.01832644571537,4.866956025397003,3.1516625572403436,2.288683598094631,4.063293870860823,2.6223952524748397,2.533481265922892,2.6165315246560286,6.065669672578038,0.0,4.1918561842136866,9.938318742865398
13,8.38921590242479,7.035923267619191,6.985726258807832,6.7847031408388325,5.274614654706562,3.9653509988944076,3.479837878336362,4.0985550521272085,2.906182171156776,2.205133880364303,1.7507162536063499,2.634830164143097,4.1918561842136866,0.0,7.245541837615451
14,12.236725738600862,7.807035652462044,6.749363036041777,3.3647841352923455,6.273335719003445,7.160449614731642,7.765709771532161,6.2579793563976684,7.321862006473343,7.508179107997381,7.692191304870752,4.630243240375851,9.938318742865398,7.245541837615451,0.0
