scenario,trip_id,origin_station,destination_station,origin,destination,start_time,end_time,profit,distance,battery_consumption,probability
0,0,12,14,"(-7.800103406836231, 110.34132614398153)","(-7.790421286583284, 110.42895313762106)",5,6,10000000.0,9.72418144407838,0.48620907220391896,0.2
0,1,1,6,"(-7.758732836231665, 110.37297494366348)","(-7.788062739686332, 110.36447128273275)",11,13,20000000.0,3.376623435745717,0.16883117178728585,0.2
0,2,8,1,"(-7.788368842360206, 110.36438534377208)","(-7.754179593687267, 110.37279404664253)",9,11,20000000.0,3.893243033022317,0.19466215165111583,0.2
0,3,9,3,"(-7.798154281637851, 110.36025824383655)","(-7.770821017243484, 110.40679387963603)",1,2,10000000.0,5.9569000434151285,0.29784500217075643,0.2
0,4,13,1,"(-7.819398737749609, 110.37293410302368)","(-7.751358895733592, 110.36612654097156)",5,6,10000000.0,7.562213466988964,0.3781106733494482,0.2
0,5,10,4,"(-7.803281796865415, 110.36603547665537)","(-7.774985974904214, 110.37904978288198)",8,11,30000000.0,3.442892055566369,0.17214460277831845,0.2
0,6,3,2,"(-7.7684773978814885, 110.40659947826785)","(-7.751146088203788, 110.38208161958434)",3,6,30000000.0,3.3148417685688694,0.16574208842844346,0.2
0,7,5,13,"(-7.780216864224076, 110.36265937947549)","(-7.814981974059932, 110.37645045800771)",6,8,20000000.0,4.134799129432338,0.2067399564716169,0.2
0,8,1,3,"(-7.7505686387581445, 110.37017180051478)","(-7.76592085729281, 110.40602626544054)",7,9,20000000.0,4.304050565769363,0.21520252828846814,0.2
0,9,14,10,"(-7.788611481474126, 110.42944880166498)","(-7.80783372492306, 110.36481368134163)",4,7,30000000.0,7.439266065197398,0.37196330325986987,0.2
0,10,9,6,"(-7.796221771163975, 110.3637940050514)","(-7.791906792408428, 110.36637537606495)",8,10,20000000.0,0.5556962783850913,0.027784813919254563,0.2
0,11,1,12,"(-7.759228836245752, 110.3655964913035)","(-7.795425539582969, 110.34502079364363)",6,9,30000000.0,4.601753256394125,0.23008766281970625,0.2
0,12,1,6,"(-7.755883807134935, 110.3744612138024)","(-7.788808856549009, 110.36611078377614)",0,3,30000000.0,3.756020881367106,0.1878010440683553,0.2
0,13,11,1,"(-7.807582896309734, 110.39596970330409)","(-7.7570317481004745, 110.3709096179858)",1,3,20000000.0,6.236690153951308,0.3118345076975654,0.2
0,14,6,2,"(-7.789562762936709, 110.36593815927522)","(-7.751641470596218, 110.37783389050752)",8,9,10000000.0,4.394364272026414,0.2197182136013207,0.2
0,15,8,1,"(-7.789394814301632, 110.36358444791449)","(-7.753310505051339, 110.37058970211439)",2,4,20000000.0,4.064848535181531,0.20324242675907653,0.2
0,16,12,2,"(-7.7963062096988045, 110.34488626478631)","(-7.755096463278048, 110.37520571896128)",5,7,20000000.0,5.652959870112936,0.28264799350564684,0.2
0,17,0,1,"(-7.7558090138373545, 110.32828721877823)","(-7.751383344706388, 110.36757514125402)",0,1,10000000.0,4.361342148661632,0.2180671074330816,0.2
0,18,14,9,"(-7.78373050554702, 110.42765653452068)","(-7.800340095366834, 110.36049212518469)",8,9,10000000.0,7.6324763073978,0.38162381536989,0.2
0,19,2,10,"(-7.7556471762190125, 110.38069803593496)","(-7.8076494337105995, 110.36792433041084)",6,7,10000000.0,5.92124279624455,0.2960621398122275,0.2
0,20,14,8,"(-7.785647348033642, 110.43369867632099)","(-7.7909705102718085, 110.36458992299997)",10,13,30000000.0,7.645354373646893,0.38226771868234466,0.2
0,21,5,7,"(-7.77890385915357, 110.36661486141391)","(-7.78372094386334, 110.37114025896327)",0,3,30000000.0,0.7300503498854866,0.03650251749427433,0.2
0,22,8,3,"(-7.792215598855896, 110.36067190838985)","(-7.766021590534515, 110.40448873766877)",1,2,10000000.0,5.634779772938334,0.2817389886469167,0.2
0,23,13,5,"(-7.822491426501114, 110.3707800463437)","(-7.7812102222170365, 110.3642423680737)",2,5,30000000.0,4.622077370799008,0.2311038685399504,0.2
0,24,14,9,"(-7.787437883502791, 110.42922997242395)","(-7.800470270570554, 110.36387059961486)",1,2,10000000.0,7.3516741580983895,0.36758370790491945,0.2
0,25,10,6,"(-7.806757024334105, 110.3633110227605)","(-7.785461632516304, 110.35694171187232)",10,13,30000000.0,2.4577020773975895,0.12288510386987947,0.2
0,26,1,0,"(-7.755673787178977, 110.36789302605395)","(-7.756483274636473, 110.32198656333921)",3,6,30000000.0,5.064633073234354,0.25323165366171774,0.2
0,27,7,2,"(-7.781981183601656, 110.37328545144668)","(-7.757901935521179, 110.38443265599277)",7,10,30000000.0,2.9331939320411613,0.14665969660205808,0.2
0,28,1,0,"(-7.753178551060015, 110.36990587938101)","(-7.764952421435044, 110.32043262776183)",3,4,10000000.0,5.610444380555033,0.28052221902775165,0.2
0,29,6,7,"(-7.78928641582029, 110.3650465039403)","(-7.777175571344895, 110.37214637121401)",0,2,20000000.0,1.5515332716892856,0.07757666358446427,0.2
1,0,4,12,"(-7.7678487064320585, 110.37555249228947)","(-7.7947340849639986, 110.34440505317416)",8,11,30000000.0,4.543603769767593,0.22718018848837965,0.3
1,1,11,7,"(-7.812852031747259, 110.39356707825495)","(-7.776512906350309, 110.37629180290817)",8,9,10000000.0,4.4477315009097484,0.22238657504548742,0.3
1,2,11,5,"(-7.813828347270925, 110.3964417759446)","(-7.782871496170805, 110.37062719892047)",2,3,10000000.0,4.452908399169799,0.22264541995848997,0.3
1,3,8,1,"(-7.789586574546559, 110.36128521332704)","(-7.759020391366242, 110.3731181920197)",6,7,10000000.0,3.623680034583826,0.1811840017291913,0.3
1,4,14,9,"(-7.790737846522114, 110.43274519153533)","(-7.79900618489668, 110.36399224915336)",9,12,30000000.0,7.6382253394151,0.381911266970755,0.3
1,5,8,5,"(-7.788752937422636, 110.36264259199423)","(-7.780738081992106, 110.36448685952615)",6,7,10000000.0,0.9094428249931158,0.04547214124965579,0.3
1,6,10,14,"(-7.807300029202012, 110.36236177196271)","(-7.785681355075856, 110.42752543114493)",7,10,30000000.0,7.5746148640802655,0.3787307432040133,0.3
1,7,9,1,"(-7.804467392789004, 110.36193154312268)","(-7.757047995852496, 110.37383259377994)",1,2,10000000.0,5.406125344855858,0.2703062672427929,0.3
1,8,5,4,"(-7.7863225316764275, 110.37043744954639)","(-7.768664600749126, 110.37881677765726)",10,13,30000000.0,2.1605469522707454,0.10802734761353727,0.3
1,9,0,10,"(-7.756928958648846, 110.322493787522)","(-7.8036661128503395, 110.36858930003926)",2,4,20000000.0,7.250411416468269,0.3625205708234135,0.3
1,10,1,14,"(-7.75227583316019, 110.36605447909776)","(-7.7903824372854205, 110.42890629654806)",5,6,10000000.0,8.11324247155514,0.405662123577757,0.3
1,11,10,14,"(-7.801770871846081, 110.36425409058097)","(-7.790688787479301, 110.43588159046219)",0,1,10000000.0,7.994825471743888,0.3997412735871944,0.3
1,12,10,6,"(-7.8020065191062775, 110.35964086761798)","(-7.7907644346139495, 110.35770819660702)",4,5,10000000.0,1.2614567625590263,0.06307283812795131,0.3
1,13,11,7,"(-7.808883195788736, 110.39487686918982)","(-7.786103303003917, 110.37125243860073)",11,12,10000000.0,3.62446483892452,0.18122324194622602,0.3
1,14,8,0,"(-7.7897540498011395, 110.3664250956649)","(-7.7636190621443255, 110.32077445519282)",4,6,20000000.0,5.805977088294232,0.2902988544147116,0.3
1,15,14,12,"(-7.783478037349827, 110.42719894878111)","(-7.798121907677496, 110.34392066688311)",10,11,10000000.0,9.327171592368869,0.4663585796184434,0.3
1,16,5,12,"(-7.782301164808561, 110.37084712723541)","(-7.791961629773628, 110.34459477611144)",3,4,10000000.0,3.086442016224165,0.15432210081120826,0.3
1,17,12,14,"(-7.799929476296796, 110.34122294410354)","(-7.7914063933658175, 110.43604487295241)",6,9,30000000.0,10.501011213001368,0.5250505606500684,0.3
1,18,13,11,"(-7.815092506834256, 110.37106805709595)","(-7.806526254908645, 110.39168095626403)",0,2,20000000.0,2.462964799930136,0.12314823999650679,0.3
1,19,3,14,"(-7.76493413394403, 110.40850303234679)","(-7.790148091326614, 110.43475345499152)",3,4,10000000.0,4.019911856321343,0.20099559281606716,0.3
1,20,0,10,"(-7.763168702116723, 110.32278261951198)","(-7.801656470579697, 110.36886889104048)",4,6,20000000.0,6.63013436667199,0.33150671833359946,0.3
1,21,10,8,"(-7.806303216156399, 110.36901149687198)","(-7.792737842675213, 110.36999237140324)",1,3,20000000.0,1.5041545281830868,0.07520772640915434,0.3
1,22,2,9,"(-7.750774656842384, 110.37785466362523)","(-7.804115974527853, 110.36414563758565)",11,13,20000000.0,6.089979693286885,0.3044989846643443,0.3
1,23,6,9,"(-7.7842576415068345, 110.3575564578403)","(-7.796204952670888, 110.36170078774502)",0,3,30000000.0,1.3981458258992867,0.06990729129496434,0.3
1,24,6,0,"(-7.788900796514334, 110.364465108697)","(-7.758231428530856, 110.32890263120397)",11,14,30000000.0,5.185749252709781,0.259287462635489,0.3
1,25,3,5,"(-7.76878702600375, 110.41338874485972)","(-7.778692291437819, 110.36833155409946)",10,11,10000000.0,5.089251782478478,0.25446258912392394,0.3
1,26,11,4,"(-7.809328774959647, 110.39726892904106)","(-7.772438170951426, 110.37967208414194)",8,9,10000000.0,4.518047378046619,0.22590236890233095,0.3
1,27,3,6,"(-7.7664507056578715, 110.40769145277123)","(-7.786618654398412, 110.3581402734321)",9,11,20000000.0,5.903216187562234,0.2951608093781117,0.3
1,28,6,8,"(-7.78576274830696, 110.35943874949268)","(-7.795998173151173, 110.36845758827478)",9,12,30000000.0,1.506966206175442,0.0753483103087721,0.3
1,29,5,7,"(-7.78348213983162, 110.3688562723319)","(-7.781088260031254, 110.37843735399106)",11,12,10000000.0,1.089460718007786,0.0544730359003893,0.3
2,0,10,1,"(-7.80746213595007, 110.36583853836305)","(-7.753507391946376, 110.36543387200076)",3,6,30000000.0,5.967271805899133,0.2983635902949567,0.5
2,1,4,3,"(-7.767634371054237, 110.37417353962246)","(-7.772637862819072, 110.41373936022782)",9,10,10000000.0,4.399215477979547,0.21996077389897736,0.5
2,2,7,6,"(-7.77733863090949, 110.37625670899409)","(-7.78691654084501, 110.36023978467394)",6,7,10000000.0,2.0599059620999722,0.1029952981049986,0.5
2,3,2,10,"(-7.753523775869195, 110.38412659826211)","(-7.801695594345775, 110.3680546520551)",6,7,10000000.0,5.614751850640942,0.2807375925320471,0.5
2,4,2,12,"(-7.750820339577205, 110.38037957750444)","(-7.801197816148594, 110.3395919827966)",1,3,20000000.0,7.161156628071491,0.35805783140357456,0.5
2,5,2,12,"(-7.7557535676250176, 110.38051131885855)","(-7.796110747096281, 110.34027297957465)",7,10,30000000.0,6.294463808335369,0.31472319041676844,0.5
2,6,13,11,"(-7.81427979703659, 110.37266740756858)","(-7.805331452695439, 110.39505913612076)",2,5,30000000.0,2.6605730646242676,0.13302865323121338,0.5
2,7,13,7,"(-7.818699302427531, 110.375917767865)","(-7.777801371121581, 110.37327311353131)",8,10,20000000.0,4.532491387141079,0.22662456935705394,0.5
2,8,10,3,"(-7.807554025530824, 110.35997483353864)","(-7.770242718491368, 110.40661715107082)",5,8,30000000.0,6.595034347507525,0.32975171737537623,0.5
2,9,1,2,"(-7.758191693419869, 110.36833035292432)","(-7.758871947334228, 110.37733952877106)",6,8,20000000.0,0.9966203852564521,0.04983101926282261,0.5
2,10,5,8,"(-7.783240756966488, 110.36272265710583)","(-7.789771088306595, 110.36449476812668)",9,12,30000000.0,0.7482027996370814,0.037410139981854065,0.5
2,11,0,13,"(-7.756293433272422, 110.3252569034681)","(-7.818430202674427, 110.37782741657435)",4,6,20000000.0,8.991497358178664,0.4495748679089332,0.5
2,12,13,14,"(-7.819009787173702, 110.37587515668979)","(-7.787738676902661, 110.43283252588941)",3,5,20000000.0,7.171188587022508,0.3585594293511254,0.5
2,13,3,4,"(-7.768741640239533, 110.40419024819947)","(-7.7723387045630155, 110.3794914188503)",6,9,30000000.0,2.75327232324159,0.1376636161620795,0.5
2,14,2,13,"(-7.755726098507677, 110.37647627797281)","(-7.816977430390259, 110.36866966451906)",6,9,30000000.0,6.828577159261949,0.3414288579630974,0.5
2,15,9,10,"(-7.804928979536597, 110.3662274964801)","(-7.808943005127694, 110.36381698444052)",0,2,20000000.0,0.517454272199498,0.025872713609974902,0.5
2,16,6,5,"(-7.791983397157885, 110.35966845804882)","(-7.7802877029210595, 110.36589126215563)",6,8,20000000.0,1.4643103143283231,0.07321551571641616,0.5
2,17,13,1,"(-7.81849693163787, 110.37589024261084)","(-7.759179143917567, 110.37401919692383)",3,6,30000000.0,6.563476592998303,0.32817382964991515,0.5
2,18,1,12,"(-7.750127143972236, 110.3649025813754)","(-7.801389700011193, 110.33957283303734)",0,3,30000000.0,6.3204242339530206,0.316021211697651,0.5
2,19,2,3,"(-7.759137790251258, 110.3818945884462)","(-7.767460304180699, 110.40607964540906)",11,13,20000000.0,2.822073728848443,0.14110368644242216,0.5
2,20,12,5,"(-7.800022108566322, 110.34317247493891)","(-7.780420743480446, 110.36324532871379)",2,4,20000000.0,3.0985872335931552,0.15492936167965776,0.5
2,21,1,9,"(-7.759443215745025, 110.36761957244394)","(-7.798426527131496, 110.36938172838207)",6,9,30000000.0,4.315723686210734,0.2157861843105367,0.5
2,22,3,1,"(-7.767179021387501, 110.41220571633781)","(-7.757271506194629, 110.37147193002497)",4,7,30000000.0,4.624862262268219,0.23124311311341095,0.5
2,23,9,12,"(-7.803989449349327, 110.36963844351514)","(-7.79387364653639, 110.34057203765309)",6,9,30000000.0,3.395522928412968,0.1697761464206484,0.5
2,24,5,1,"(-7.782840392103229, 110.3655123117486)","(-7.751204243730004, 110.3727233091809)",1,3,20000000.0,3.5880604350205654,0.17940302175102826,0.5
2,25,5,10,"(-7.778984249851948, 110.36669739347602)","(-7.808770088509061, 110.36096136961086)",8,11,30000000.0,3.3543607569739837,0.16771803784869918,0.5
2,26,4,9,"(-7.767618007811932, 110.37808172906449)","(-7.8003650249611685, 110.36415574493004)",11,14,30000000.0,3.933921775929706,0.1966960887964853,0.5
2,27,4,5,"(-7.767182868399806, 110.3810073101889)","(-7.787033371019443, 110.37091631184002)",3,5,20000000.0,2.4614027429957344,0.12307013714978672,0.5
2,28,9,14,"(-7.798518115295545, 110.36316396619891)","(-7.78825693496384, 110.43005014167888)",7,8,10000000.0,7.464189042458515,0.3732094521229258,0.5
2,29,5,12,"(-7.785316475911413, 110.36489658488037)","(-7.795738449920626, 110.34590107345255)",8,9,10000000.0,2.391299054048413,0.11956495270242065,0.5
