station_id,name,latitude,longitude,capacity,opening_cost
0,Sidomoyo,-7.7601,110.3245,10,17471301
1,Monjali,-7.7547,110.3695,5,28456905
2,Kentungan,-7.7554,110.3802,6,24979419
3,Seturan,-7.7681,110.4089,6,16878334
4,UGM,-7.7707,110.3777,10,46598928
5,Tugu Yogyakarta,-7.7829,110.3671,5,49627281
6,Stasiun Tugu,-7.7891,110.3614,8,12132899
7,Cik Di Tiro,-7.7812,110.3755,5,16287781
8,Malioboro Mall,-7.7931,110.3656,6,25613608
9,Titik Nol KM,-7.8002,110.3648,9,11780798
10,Kraton Yogyakarta,-7.8053,110.3642,9,23343768
11,Simpang Empat Pelem,-7.8094,110.3956,10,46570403
12,Ngestiharjo,-7.7967,110.3421,8,24793519
13,Mergangsan,-7.8182,110.3734,8,49544950
14,Bandara Adisutjipto,-7.7882,110.4318,7,10436124
